rank,title,artist
1,마음을 드려요,아이유
2,아무노래,지코 (ZICO)
3,FIESTA,IZ*ONE (아이즈원)
4,둘만의 세상으로 가,Crush
5,METEOR,창모 (CHANGMO)
6,작은 것들을 위한 시 (Boy With Luv) (Feat. Halsey),방탄소년단
7,"다시 난, 여기",백예린
8,Black Swan,방탄소년단
9,Psycho,Red Velvet (레드벨벳)
10,Blueming,아이유
11,늦은 밤 너의 집 앞 골목길에서,노을
12,봄날,방탄소년단
13,흔들리는 꽃들 속에서 네 샴푸향이 느껴진거야,장범준
14,너를 사랑하고 있어,백현 (BAEKHYUN)
15,소우주 (Mikrokosmos),방탄소년단
16,어떤 날엔,김재환
17,HIP,마마무 (Mamamoo)
18,"어떻게 이별까지 사랑하겠어, 널 사랑하는 거지",AKMU (악동뮤지션)
19,IDOL,방탄소년단
20,Make It Right,방탄소년단
21,오늘도 빛나는 너에게 (To You My Light) (Feat.이라온),마크툽 (MAKTUB)
22,Dionysus,방탄소년단
23,"아마두 (feat.우원재, 김효은, 넉살, Huckleberry P)",염따
24,시작,가호 (Gaho)
25,Love poem,아이유
26,Flower,윤미래
27,내 마음의 사진,송가인
28,Square (2017),백예린
29,마음이 말하는 행복 (Happiness) (Feat.이라온),마크툽 (MAKTUB)
30,사랑이란 멜로는 없어,전상근
31,안녕,폴킴
32,빌었어,창모 (CHANGMO)
33,조금 취했어 (Prod. 2soo),임재현
34,2002,Anne-Marie
35,"다시는 사랑하지 않고, 이별에 아파하기 싫어",백지영
36,잘 지내고 있는지 궁금해,V.O.S
37,AYAYAYA,IZ*ONE (아이즈원)
38,나의 오랜 연인에게,다비치
39,"모든 날, 모든 순간 (Every day, Every Moment)",폴킴
40,다시 만날까 봐,V.O.S
41,러브땡 (Feat. 마미손),범키
42,Go away go away,찬열 (CHANYEOL)
43,노을,다비치
44,Obsession,EXO
45,그때 그 아인,김필
46,bad guy,Billie Eilish
47,DREAMLIKE,IZ*ONE (아이즈원)
48,너의 하루는 좀 어때,거미
49,SO CURIOUS,IZ*ONE (아이즈원)
50,시든 꽃에 물을 주듯,HYNN (박혜원)
